,number,value,datetime_start,datetime_complete,duration,params_batch_size,params_buffer_size,params_exploration_final_eps,params_exploration_fraction,params_gamma,params_learning_starts,params_lr,params_n_quantiles,params_net_arch,params_subsample_steps,params_target_update_interval,params_train_freq,state
0,0,19.464512,2021-05-04 23:36:20.087987,2021-05-05 11:00:18.754605,0 days 11:23:58.666618,512,100000,0.13454372375031218,0.12053610799514414,0.98,0,2.0641954333409997e-05,76,small,4,5000,4,COMPLETE
1,1,27.560738800000003,2021-05-04 23:36:20.090864,2021-05-05 11:30:22.578748,0 days 11:54:02.487884,32,100000,0.010976068155170583,0.33812430937226373,0.9,20000,0.0008919801430633733,136,small,8,5000,1,COMPLETE
2,2,,2021-05-05 11:00:18.758492,,,128,50000,0.18585041004074973,0.0194914287910396,0.999,0,0.36872905435715864,71,medium,1,15000,128,RUNNING
3,3,,2021-05-05 11:30:22.580712,,,64,100000,0.19737816080071718,0.30379840341067826,0.99,10000,0.00577313264411261,47,small,4,1000,1,RUNNING
